{
    "Gardena_Tortina - Dark": [
        [
            -2.84217094e-14,
            1.42108547e-14,
            -1.42108547e-14
        ],
        [
            51.0,
            54.25,
            69.0
        ],
        [
            72.5866667,
            77.5333333,
            91.2266667
        ],
        [
            83.7096774,
            89.0806452,
            103.096774
        ],
        [
            96.5428571,
            105.342857,
            120.371429
        ],
        [
            130.4,
            137.96,
            150.04
        ]
    ],
    "Chocolate_bar - Dark": [
        [
            -1.42108547e-14,
            -1.42108547e-14,
            1.42108547e-14
        ],
        [
            42.0,
            44.5,
            54.25
        ],
        [
            59.0,
            64.6,
            79.6
        ],
        [
            72.25,
            77.8,
            92.4
        ],
        [
            85.0714286,
            90.5,
            104.071429
        ],
        [
            123.692308,
            130.846154,
            142.153846
        ]
    ],
    "Chocolate_bar - Milk": [
        [
            -4.26325641e-14,
            -7.10542736e-14,
            -2.84217094e-14
        ],
        [
            52.8571429,
            62.6904762,
            82.2380952
        ],
        [
            71.9107143,
            86.0446429,
            110.6875
        ],
        [
            88.5353535,
            103.484848,
            125.747475
        ],
        [
            121.719298,
            135.719298,
            154.736842
        ],
        [
            138.0,
            185.6,
            204.2
        ]
    ],
    "Gardena_Choco:Coco - Milk": [
        [
            -4.26325641e-14,
            -7.10542736e-14,
            5.68434189e-14
        ],
        [
            42.2142857,
            70.1428571,
            106.928571
        ],
        [
            70.9464286,
            107.410714,
            150.035714
        ],
        [
            89.9193548,
            126.919355,
            168.725806
        ],
        [
            112.7,
            148.9,
            183.614286
        ],
        [
            134.229167,
            167.791667,
            198.208333
        ]
    ],
    "Patisserie_Orange - Dark": [
        [
            2.84217094e-14,
            1.42108547e-14,
            4.26325641e-14
        ],
        [
            53.7826087,
            61.6521739,
            82.5217391
        ],
        [
            67.2173913,
            76.3913043,
            96.6956522
        ],
        [
            79.2105263,
            90.1578947,
            110.789474
        ],
        [
            95.4210526,
            113.368421,
            137.0
        ],
        [
            124.428571,
            141.857143,
            162.761905
        ]
    ],
    "Napolitaner_Mini - Milk": [
        [
            1.42108547e-14,
            2.84217094e-14,
            5.68434189e-14
        ],
        [
            56.0,
            72.5185185,
            109.037037
        ],
        [
            67.4166667,
            85.3333333,
            119.027778
        ],
        [
            73.3125,
            96.1875,
            132.6875
        ],
        [
            85.0606061,
            113.69697,
            150.727273
        ],
        [
            121.28125,
            143.46875,
            168.8125
        ]
    ],
    "Patisserie_Coconut - Milk": [
        [
            4.26325641e-14,
            -5.68434189e-14,
            -5.68434189e-14
        ],
        [
            59.1269841,
            92.3492063,
            130.603175
        ],
        [
            73.8181818,
            109.709091,
            147.381818
        ],
        [
            88.9583333,
            125.375,
            162.5
        ],
        [
            109.677419,
            144.967742,
            176.0
        ],
        [
            133.354167,
            168.895833,
            193.458333
        ]
    ],
    "Gardena_fingers - Milk": [
        [
            -5.68434189e-14,
            2.84217094e-14,
            0.0
        ],
        [
            53.1111111,
            75.6111111,
            112.111111
        ],
        [
            73.2413793,
            101.827586,
            134.896552
        ],
        [
            96.4821429,
            128.178571,
            164.446429
        ],
        [
            117.186441,
            148.067797,
            178.491525
        ],
        [
            135.561644,
            166.082192,
            193.931507
        ]
    ],
    "Gardena_fingers - Dark": [
        [
            1.42108547e-14,
            -1.42108547e-14,
            -7.10542736e-14
        ],
        [
            55.6666667,
            73.3333333,
            102.8
        ],
        [
            68.75,
            89.3214286,
            118.928571
        ],
        [
            83.75,
            105.25,
            133.472222
        ],
        [
            102.545455,
            123.030303,
            149.515152
        ],
        [
            128.434783,
            147.521739,
            169.695652
        ]
    ],
    "Rose - Dark": [
        [
            0.0,
            0.0,
            -5.68434189e-14
        ],
        [
            49.1851852,
            55.3703704,
            74.1481481
        ],
        [
            64.7058824,
            73.4313725,
            93.3529412
        ],
        [
            77.5694444,
            87.4305556,
            107.236111
        ],
        [
            99.58,
            110.32,
            128.02
        ],
        [
            128.28,
            145.06,
            165.08
        ]
    ],
    "Rose - Milk": [
        [
            2.84217094e-14,
            2.84217094e-14,
            0.0
        ],
        [
            51.3478261,
            65.9565217,
            95.5652174
        ],
        [
            68.8409091,
            86.6590909,
            116.659091
        ],
        [
            80.1807229,
            99.9879518,
            130.012048
        ],
        [
            97.12,
            118.28,
            148.06
        ],
        [
            126.08,
            147.92,
            173.58
        ]
    ],
    "Gardena_Tortina_Original - Milk": [
        [
            5.68434189e-14,
            -2.84217094e-14,
            2.84217094e-14
        ],
        [
            57.36,
            70.06,
            96.12
        ],
        [
            73.5789474,
            89.9649123,
            117.684211
        ],
        [
            85.72,
            103.64,
            130.3
        ],
        [
            96.1860465,
            118.348837,
            146.860465
        ],
        [
            123.76,
            143.72,
            165.86
        ]
    ],
    "Gardena_Tortina_Caramel - Milk": [
        [
            5.68434189e-14,
            -4.26325641e-14,
            -2.84217094e-14
        ],
        [
            74.6176471,
            105.323529,
            140.882353
        ],
        [
            91.009009,
            121.441441,
            159.252252
        ],
        [
            103.21978,
            134.648352,
            170.637363
        ],
        [
            113.969697,
            158.424242,
            195.575758
        ],
        [
            131.472222,
            157.222222,
            183.277778
        ]
    ],